{
  "easy": {
    "accuracy": 0.7583333333333333,
    "mean_reward": 0.9,
    "parse_error_rate": 0.0
  },
  "hard": {
    "accuracy": 0.7583333333333333,
    "mean_reward": 0.9,
    "parse_error_rate": 0.0
  }
}