{
  "easy": {
    "accuracy": 0.578125,
    "mean_reward": 0.24166666666666667,
    "parse_error_rate": 0.0
  },
  "hard": {
    "accuracy": 0.5625,
    "mean_reward": 0.2833333333333333,
    "parse_error_rate": 0.0
  }
}