{
  "easy": {
    "accuracy": 0.7807692307692308,
    "mean_reward": 0.675,
    "parse_error_rate": 0.0
  },
  "hard": {
    "accuracy": 0.6207386363636364,
    "mean_reward": 0.4583333333333333,
    "parse_error_rate": 0.0
  }
}